PAIS,REGION,DEPTO,MUNICIPIO,ID_Zona,ID_Padre
EL SALVADOR,REGION 1,Cabañas   ,Sensuntepeque,1,
EL SALVADOR,REGION 1,Cabañas   ,Ilobasco,2,
EL SALVADOR,REGION 1,Cabañas   ,Victoria,3,
EL SALVADOR,REGION 1,Cabañas   ,San Isidro,4,
EL SALVADOR,REGION 1,Cabañas   ,Jutiapa,5,
EL SALVADOR,REGION 1,Cabañas   ,Tejutepeque,6,
EL SALVADOR,REGION 1,Cabañas   ,Dolores,7,
EL SALVADOR,REGION 1,Cabañas   ,Cinquera,8,
EL SALVADOR,REGION 1,Cabañas   ,Guacotecti,9,
EL SALVADOR,REGION 2,Chalatenango,Chalatenango,10,
EL SALVADOR,REGION 2,Chalatenango,Nueva Concepción,11,
EL SALVADOR,REGION 2,Chalatenango,La Palma,12,
EL SALVADOR,REGION 2,Chalatenango,Tejutla,13,
EL SALVADOR,REGION 2,Chalatenango,La Reina,14,
EL SALVADOR,REGION 2,Chalatenango,Arcatao,15,
EL SALVADOR,REGION 2,Chalatenango,San Ignacio,16,
EL SALVADOR,REGION 2,Chalatenango,Dulce Nombre de María,17,
EL SALVADOR,REGION 2,Chalatenango,Citalá,18,
EL SALVADOR,REGION 2,Chalatenango,Agua Caliente,19,
EL SALVADOR,REGION 2,Chalatenango,Concepción Quezaltepeque,20,
EL SALVADOR,REGION 2,Chalatenango,Nueva Trinidad,21,
EL SALVADOR,REGION 2,Chalatenango,Las Vueltas,22,
EL SALVADOR,REGION 2,Chalatenango,Comalapa,23,
EL SALVADOR,REGION 2,Chalatenango,San Rafael,24,
EL SALVADOR,REGION 2,Chalatenango,San José Las Flores,25,
EL SALVADOR,REGION 2,Chalatenango,Ojos de Agua,26,
EL SALVADOR,REGION 2,Chalatenango,Nombre de Jesús,27,
EL SALVADOR,REGION 2,Chalatenango,Potonico,28,
EL SALVADOR,REGION 2,Chalatenango,San Francisco Morazán,29,
EL SALVADOR,REGION 2,Chalatenango,Santa Rita,30,
EL SALVADOR,REGION 2,Chalatenango,La Laguna,31,
EL SALVADOR,REGION 2,Chalatenango,San Isidro Labrador,32,
EL SALVADOR,REGION 2,Chalatenango,San Antonio de La Cruz,33,
EL SALVADOR,REGION 2,Chalatenango,El Paraíso,34,
EL SALVADOR,REGION 2,Chalatenango,San Miguel de Mercedes,35,
EL SALVADOR,REGION 2,Chalatenango,San Luis del Carmen,36,
EL SALVADOR,REGION 2,Chalatenango,San José Cancasque,37,
EL SALVADOR,REGION 2,Chalatenango,San Antonio Los Ranchos,38,
EL SALVADOR,REGION 2,Chalatenango,El Carrizal,39,
EL SALVADOR,REGION 2,Chalatenango,San Fernando,40,
EL SALVADOR,REGION 2,Chalatenango,Azacualpa,41,
EL SALVADOR,REGION 2,Chalatenango,San Francisco Lempa,42,
EL SALVADOR,REGION 3,Cuscatlán  ,Cojutepeque,43,
EL SALVADOR,REGION 3,Cuscatlán  ,Suchitoto,44,
EL SALVADOR,REGION 3,Cuscatlán  ,San Pedro Perulapán,45,
EL SALVADOR,REGION 3,Cuscatlán  ,San José Guayabal,46,
EL SALVADOR,REGION 3,Cuscatlán  ,Tenancingo,47,
EL SALVADOR,REGION 3,Cuscatlán  ,San Rafael Cedros,48,
EL SALVADOR,REGION 3,Cuscatlán  ,Candelaria,49,
EL SALVADOR,REGION 3,Cuscatlán  ,El Carmen,50,
EL SALVADOR,REGION 3,Cuscatlán  ,Monte San Juan,51,
EL SALVADOR,REGION 3,Cuscatlán  ,San Cristóbla,52,
EL SALVADOR,REGION 3,Cuscatlán  ,Santa Cruz Michapa,53,
EL SALVADOR,REGION 3,Cuscatlán  ,San Bartolomé Perulapía,54,
EL SALVADOR,REGION 3,Cuscatlán  ,San Ramón,55,
EL SALVADOR,REGION 3,Cuscatlán  ,El Rosario,56,
EL SALVADOR,REGION 3,Cuscatlán  ,Oratorio de Concepción,57,
EL SALVADOR,REGION 3,Cuscatlán  ,Santa Cruz Analquito,58,
EL SALVADOR,REGION 3,La Libertad  ,Nueva San Salvador,59,
EL SALVADOR,REGION 3,La Libertad  ,Quezaltepeque,60,
EL SALVADOR,REGION 3,La Libertad  ,Ciudad Arce,61,
EL SALVADOR,REGION 3,La Libertad  ,San Juan Opico,62,
EL SALVADOR,REGION 3,La Libertad  ,Colón,63,
EL SALVADOR,REGION 3,La Libertad  ,Puerto de la Libertad,64,
EL SALVADOR,REGION 3,La Libertad  ,Antiguo Cuscatlán,65,
EL SALVADOR,REGION 3,La Libertad  ,Comasagua,66,
EL SALVADOR,REGION 3,La Libertad  ,San Pablo Tacachico,67,
EL SALVADOR,REGION 3,La Libertad  ,Jayaque,68,
EL SALVADOR,REGION 3,La Libertad  ,Huizucar,69,
EL SALVADOR,REGION 3,La Libertad  ,Tepecoyo,70,
EL SALVADOR,REGION 3,La Libertad  ,Teotepeque,71,
EL SALVADOR,REGION 3,La Libertad  ,Chiltiupán,72,
EL SALVADOR,REGION 3,La Libertad  ,Nuevo Cuscatlán,73,
EL SALVADOR,REGION 3,La Libertad  ,Tamanique,74,
EL SALVADOR,REGION 3,La Libertad  ,Sacacoyo,75,
EL SALVADOR,REGION 3,La Libertad  ,San José Villa Nueva,76,
EL SALVADOR,REGION 3,La Libertad  ,Zaragoza,77,
EL SALVADOR,REGION 3,La Libertad  ,Talnique,78,
EL SALVADOR,REGION 3,La Libertad  ,San Matías,79,
EL SALVADOR,REGION 3,La Libertad  ,Jicalapa,80,
EL SALVADOR,REGION 3,La Paz  ,Zacatecoluca,81,
EL SALVADOR,REGION 3,La Paz  ,Santiago Nonualco,82,
EL SALVADOR,REGION 3,La Paz  ,San Juan Nonualco,83,
EL SALVADOR,REGION 3,La Paz  ,San Pedro Masahuat,84,
EL SALVADOR,REGION 3,La Paz  ,Olocuilta,85,
EL SALVADOR,REGION 3,La Paz  ,San Pedro Nonualco,86,
EL SALVADOR,REGION 3,La Paz  ,San Francisco Chinameca,87,
EL SALVADOR,REGION 3,La Paz  ,San Juan Talpa,88,
EL SALVADOR,REGION 3,La Paz  ,El Rosario,89,
EL SALVADOR,REGION 3,La Paz  ,San Rafael Obrajuelo,90,
EL SALVADOR,REGION 3,La Paz  ,Santa María Ostuma,91,
EL SALVADOR,REGION 3,La Paz  ,San Luis Talpa,92,
EL SALVADOR,REGION 3,La Paz  ,San Antonio Masahuat,93,
EL SALVADOR,REGION 3,La Paz  ,San Miguel Tepezontes,94,
EL SALVADOR,REGION 3,La Paz  ,San Juan Tepezontes,95,
EL SALVADOR,REGION 3,La Paz  ,Tapalhuaca,96,
EL SALVADOR,REGION 3,La Paz  ,Cuyultitán,97,
EL SALVADOR,REGION 3,La Paz  ,Paraíso de Osorio,98,
EL SALVADOR,REGION 3,La Paz  ,San Emigdio,99,
EL SALVADOR,REGION 3,La Paz  ,Jerusalén,100,
EL SALVADOR,REGION 3,La Paz  ,Mercedes La Ceiba,101,
EL SALVADOR,REGION 3,La Paz  ,San Luis La Herradura,102,
EL SALVADOR,REGION 4,La Unión  ,La Unión,103,
EL SALVADOR,REGION 4,La Unión  ,Santa Rosa de Lima,104,
EL SALVADOR,REGION 4,La Unión  ,Pasaquina,105,
EL SALVADOR,REGION 4,La Unión  ,San Alejo,106,
EL SALVADOR,REGION 4,La Unión  ,Anamorós,107,
EL SALVADOR,REGION 4,La Unión  ,El Carmen,108,
EL SALVADOR,REGION 4,La Unión  ,Conchagua,109,
EL SALVADOR,REGION 4,La Unión  ,El Sauce,110,
EL SALVADOR,REGION 4,La Unión  ,Lislique,111,
EL SALVADOR,REGION 4,La Unión  ,Yucuayquín,112,
EL SALVADOR,REGION 4,La Unión  ,Nueva Esparta,113,
EL SALVADOR,REGION 4,La Unión  ,Polorós,114,
EL SALVADOR,REGION 4,La Unión  ,Bolívar,115,
EL SALVADOR,REGION 4,La Unión  ,Concepción de Oriente,116,
EL SALVADOR,REGION 4,La Unión  ,Intipucá,117,
EL SALVADOR,REGION 4,La Unión  ,San José La Fuente,118,
EL SALVADOR,REGION 4,La Unión  ,Yayantique,119,
EL SALVADOR,REGION 4,La Unión  ,Meanguera del Golfo,120,
EL SALVADOR,REGION 4,Morazán  ,San Francisco Gotera,121,
EL SALVADOR,REGION 4,Morazán  ,Jocoro,122,
EL SALVADOR,REGION 4,Morazán  ,Corinto,123,
EL SALVADOR,REGION 4,Morazán  ,Sociedad,124,
EL SALVADOR,REGION 4,Morazán  ,Cacaopera,125,
EL SALVADOR,REGION 4,Morazán  ,Guatajiagüa,126,
EL SALVADOR,REGION 4,Morazán  ,El Divisadero,127,
EL SALVADOR,REGION 4,Morazán  ,Jocoaitique,128,
EL SALVADOR,REGION 4,Morazán  ,Osicala,129,
EL SALVADOR,REGION 4,Morazán  ,Chilanga,130,
EL SALVADOR,REGION 4,Morazán  ,Meanguera,131,
EL SALVADOR,REGION 4,Morazán  ,Torola,132,
EL SALVADOR,REGION 4,Morazán  ,San Simón,133,
EL SALVADOR,REGION 4,Morazán  ,Delicias de Concepción,134,
EL SALVADOR,REGION 4,Morazán  ,Joateca,135,
EL SALVADOR,REGION 4,Morazán  ,Arambala,136,
EL SALVADOR,REGION 4,Morazán  ,Lolotiquillo,137,
EL SALVADOR,REGION 4,Morazán  ,Yamabal,138,
EL SALVADOR,REGION 4,Morazán  ,Yoloaiquín,139,
EL SALVADOR,REGION 4,Morazán  ,San Carlos,140,
EL SALVADOR,REGION 4,Morazán  ,El Rosario,141,
EL SALVADOR,REGION 4,Morazán  ,Perquín,142,
EL SALVADOR,REGION 4,Morazán  ,Sensembra,143,
EL SALVADOR,REGION 4,Morazán  ,Gualococti,144,
EL SALVADOR,REGION 4,Morazán  ,San Fernando,145,
EL SALVADOR,REGION 4,Morazán  ,San Isidro,146,
EL SALVADOR,REGION 4,San Miguel  ,San Miguel,147,
EL SALVADOR,REGION 4,San Miguel  ,Chinameca,148,
EL SALVADOR,REGION 4,San Miguel  ,El Tránsito,149,
EL SALVADOR,REGION 4,San Miguel  ,Ciudad Barrios,150,
EL SALVADOR,REGION 4,San Miguel  ,Chirilagua,151,
EL SALVADOR,REGION 4,San Miguel  ,Sesori,152,
EL SALVADOR,REGION 4,San Miguel  ,San Rafael Oriente,153,
EL SALVADOR,REGION 4,San Miguel  ,Moncagua,154,
EL SALVADOR,REGION 4,San Miguel  ,Lolotique,155,
EL SALVADOR,REGION 4,San Miguel  ,San Jorge,156,
EL SALVADOR,REGION 4,San Miguel  ,Chapeltique,157,
EL SALVADOR,REGION 4,San Miguel  ,San Gerardo,158,
EL SALVADOR,REGION 4,San Miguel  ,Carolina,159,
EL SALVADOR,REGION 4,San Miguel  ,Quelepa,160,
EL SALVADOR,REGION 4,San Miguel  ,San Luis de La Reina,161,
EL SALVADOR,REGION 4,San Miguel  ,Nuevo Edén de San Juan,162,
EL SALVADOR,REGION 4,San Miguel  ,Nueva Guadalupe,163,
EL SALVADOR,REGION 4,San Miguel  ,Uluazapa,164,
EL SALVADOR,REGION 4,San Miguel  ,Comacarán,165,
EL SALVADOR,REGION 4,San Miguel  ,San Antonio del Mosco,166,
EL SALVADOR,REGION 3,San Salvador  ,San Salvador,167,
EL SALVADOR,REGION 3,San Salvador  ,Ciudad Delgado,168,
EL SALVADOR,REGION 3,San Salvador  ,Mejicanos,169,
EL SALVADOR,REGION 3,San Salvador  ,Soyapango,170,
EL SALVADOR,REGION 3,San Salvador  ,Cuscatancingo,171,
EL SALVADOR,REGION 3,San Salvador  ,San Marcos,172,
EL SALVADOR,REGION 3,San Salvador  ,Ilopango,173,
EL SALVADOR,REGION 3,San Salvador  ,Nejapa,174,
EL SALVADOR,REGION 3,San Salvador  ,Apopa,175,
EL SALVADOR,REGION 3,San Salvador  ,San Martín,176,
EL SALVADOR,REGION 3,San Salvador  ,Panchimalco,177,
EL SALVADOR,REGION 3,San Salvador  ,Aguilares,178,
EL SALVADOR,REGION 3,San Salvador  ,Tonacatepeque,179,
EL SALVADOR,REGION 3,San Salvador  ,Santo Tomás,180,
EL SALVADOR,REGION 3,San Salvador  ,Santiago Texacuangos,181,
EL SALVADOR,REGION 3,San Salvador  ,El Paisnal,182,
EL SALVADOR,REGION 3,San Salvador  ,Guazapa,183,
EL SALVADOR,REGION 3,San Salvador  ,Ayutuxtepeque,184,
EL SALVADOR,REGION 3,San Salvador  ,Rosario de Mora,185,
EL SALVADOR,REGION 2,Santa Ana  ,Santa Ana,186,
EL SALVADOR,REGION 2,Santa Ana  ,Chalchuapa,187,
EL SALVADOR,REGION 2,Santa Ana  ,Metapán,188,
EL SALVADOR,REGION 2,Santa Ana  ,Coatepeque,189,
EL SALVADOR,REGION 2,Santa Ana  ,El Congo,190,
EL SALVADOR,REGION 2,Santa Ana  ,Texistepeque,191,
EL SALVADOR,REGION 2,Santa Ana  ,Candelaria la Frontera,192,
EL SALVADOR,REGION 2,Santa Ana  ,San Sebastián Salitrillo,193,
EL SALVADOR,REGION 2,Santa Ana  ,Santa Rosa Guachipilín ,194,
EL SALVADOR,REGION 2,Santa Ana  ,Santiago de la Frontera,195,
EL SALVADOR,REGION 2,Santa Ana  ,El Porvenir,196,
EL SALVADOR,REGION 2,Santa Ana  ,Masahuat,197,
EL SALVADOR,REGION 2,Santa Ana  ,San Antonio Pajonal,198,
EL SALVADOR,REGION 2,San Vicente  ,San Vicente,199,
EL SALVADOR,REGION 2,San Vicente  ,Tecoluca,200,
EL SALVADOR,REGION 2,San Vicente  ,San Sebastián,201,
EL SALVADOR,REGION 2,San Vicente  ,Apastepeque,202,
EL SALVADOR,REGION 2,San Vicente  ,San Esteban Catarina,203,
EL SALVADOR,REGION 2,San Vicente  ,San Ildefonso,204,
EL SALVADOR,REGION 2,San Vicente  ,Santa Clara,205,
EL SALVADOR,REGION 2,San Vicente  ,San Lorenzo,206,
EL SALVADOR,REGION 2,San Vicente  ,Verapaz,207,
EL SALVADOR,REGION 2,San Vicente  ,Guadalupe,208,
EL SALVADOR,REGION 2,San Vicente  ,Santo Domingo,209,
EL SALVADOR,REGION 2,San Vicente  ,San Cayetano Istepeque,210,
EL SALVADOR,REGION 2,San Vicente  ,Nuevo Tepetitán,211,
EL SALVADOR,REGION 2,Sonsonate  ,Sonsonate,212,
EL SALVADOR,REGION 2,Sonsonate  ,Izalco,213,
EL SALVADOR,REGION 2,Sonsonate  ,Acajutla,214,
EL SALVADOR,REGION 2,Sonsonate  ,Armenia,215,
EL SALVADOR,REGION 2,Sonsonate  ,Nahuizalco,216,
EL SALVADOR,REGION 2,Sonsonate  ,Juayúa,217,
EL SALVADOR,REGION 2,Sonsonate  ,San Julián,218,
EL SALVADOR,REGION 2,Sonsonate  ,Sonzacate,219,
EL SALVADOR,REGION 2,Sonsonate  ,San Antonio del Monte,220,
EL SALVADOR,REGION 2,Sonsonate  ,Nahulingo,221,
EL SALVADOR,REGION 2,Sonsonate  ,Cuisnahuat,222,
EL SALVADOR,REGION 2,Sonsonate  ,Santa Catarina Masahuat,223,
EL SALVADOR,REGION 2,Sonsonate  ,Caluco,224,
EL SALVADOR,REGION 2,Sonsonate  ,Santa Isabel Ishuatán,225,
EL SALVADOR,REGION 2,Sonsonate  ,Salcoatitán,226,
EL SALVADOR,REGION 2,Sonsonate  ,Santo Domingo de Guzmán,227,
EL SALVADOR,REGION 2,Usulután  ,Usulután,228,
EL SALVADOR,REGION 2,Usulután  ,Jiquilisco,229,
EL SALVADOR,REGION 2,Usulután  ,Berlín,230,
EL SALVADOR,REGION 2,Usulután  ,Santiago de María,231,
EL SALVADOR,REGION 2,Usulután  ,Jucuapa,232,
EL SALVADOR,REGION 2,Usulután  ,Santa Elena,233,
EL SALVADOR,REGION 2,Usulután  ,Jucuarán,234,
EL SALVADOR,REGION 2,Usulután  ,San Agustín,235,
EL SALVADOR,REGION 2,Usulután  ,Ozatlán,236,
EL SALVADOR,REGION 2,Usulután  ,Estanzuelas,237,
EL SALVADOR,REGION 2,Usulután  ,Mercedes Umaña,238,
EL SALVADOR,REGION 2,Usulután  ,Alegría,239,
EL SALVADOR,REGION 2,Usulután  ,Concepción Batres,240,
EL SALVADOR,REGION 2,Usulután  ,San Francisco Javier,241,
EL SALVADOR,REGION 2,Usulután  ,Puerto El Triunfo,242,
EL SALVADOR,REGION 2,Usulután  ,Tecapán,243,
EL SALVADOR,REGION 2,Usulután  ,San Dionisio,244,
EL SALVADOR,REGION 2,Usulután  ,Ereguayquín,245,
EL SALVADOR,REGION 2,Usulután  ,Santa María,246,
EL SALVADOR,REGION 2,Usulután  ,Nueva Granada,247,
EL SALVADOR,REGION 2,Usulután  ,El Triunfo,248,
EL SALVADOR,REGION 2,Usulután  ,San Buenaventura,249,
EL SALVADOR,REGION 2,Usulután  ,California,250,
Nicaragua,REGION 1,  Boaco  ,Teustepe,251,
Nicaragua,REGION 1,  Boaco  ,San José de los Remates,252,
Nicaragua,REGION 1,  Boaco  ,Santa Lucía,253,
Nicaragua,REGION 1,  Boaco  ,Boaco,254,
Nicaragua,REGION 1,  Boaco  ,Camoapa,255,
Nicaragua,REGION 1,  Boaco  ,San Lorenzo ,256,
Nicaragua,REGION 1,Carazo,San Marcos,257,
Nicaragua,REGION 1,Carazo,Diriamba,258,
Nicaragua,REGION 1,Carazo,Dolores,259,
Nicaragua,REGION 1,Carazo,Jinotepe,260,
Nicaragua,REGION 1,Carazo,El Rosario,261,
Nicaragua,REGION 1,Carazo,La Paz,262,
Nicaragua,REGION 1,Carazo,Santa Teresa,263,
Nicaragua,REGION 1,Carazo,La Conquista,264,
Nicaragua,REGION 1,Chinandega,El Viejo,265,
Nicaragua,REGION 1,Chinandega,Puerto Morazán,266,
Nicaragua,REGION 1,Chinandega,Somotillo,267,
Nicaragua,REGION 1,Chinandega,Santo Tomás del Norte,268,
Nicaragua,REGION 1,Chinandega,Cinco Pinos,269,
Nicaragua,REGION 1,Chinandega,San Pedro del Norte,270,
Nicaragua,REGION 1,Chinandega,San Francisco del Norte,271,
Nicaragua,REGION 1,Chinandega,Corinto,272,
Nicaragua,REGION 1,Chinandega,Villanueva,273,
Nicaragua,REGION 1,Chinandega,Chinandega,274,
Nicaragua,REGION 1,Chinandega,Posoltega,275,
Nicaragua,REGION 1,Chinandega,Chichigalpa,276,
Nicaragua,REGION 1,Chinandega,El Realejo,277,
Nicaragua,REGION 1,Chontales,Comalapa,278,
Nicaragua,REGION 1,Chontales,Juigalpa,279,
Nicaragua,REGION 1,Chontales,La Libertad,280,
Nicaragua,REGION 1,Chontales,Santo Domingo,281,
Nicaragua,REGION 1,Chontales,San Pedro de Lovago,282,
Nicaragua,REGION 1,Chontales,Santo Tomás,283,
Nicaragua,REGION 1,Chontales,El Rama,284,
Nicaragua,REGION 1,Chontales,Villa Sandino,285,
Nicaragua,REGION 1,Chontales,Acoyapa,286,
Nicaragua,REGION 1,Chontales,Cuapa,287,
Nicaragua,REGION 1,Chontales,El Coral,288,
Nicaragua,REGION 1,Chontales,Mueye de los Bueyes,289,
Nicaragua,REGION 1,Chontales,Nueva Guinea,290,
Nicaragua,REGION 1,Chontales,El Ayote,291,
Nicaragua,REGION 2,Estelí  ,Pueblo Nuevo,292,
Nicaragua,REGION 2,Estelí  ,Condega,293,
Nicaragua,REGION 2,Estelí  ,San Juan de Limay,294,
Nicaragua,REGION 2,Estelí  ,Esteli,295,
Nicaragua,REGION 2,Estelí  ,La Trinidad,296,
Nicaragua,REGION 2,Estelí  ,San Nicolás,297,
Nicaragua,REGION 2,Granada,Granada,298,
Nicaragua,REGION 2,Granada,Diriomo,299,
Nicaragua,REGION 2,Granada,Diriá,300,
Nicaragua,REGION 2,Granada,Nandaime,301,
Nicaragua,REGION 2,Jinotega,La Concordia,302,
Nicaragua,REGION 2,Jinotega,San Sebastián de Yalí,303,
Nicaragua,REGION 2,Jinotega,San Rafael del Norte,304,
Nicaragua,REGION 2,Jinotega,Jinotega,305,
Nicaragua,REGION 2,Jinotega,Santa María de Pantasma,306,
Nicaragua,REGION 2,Jinotega,Cuá Bocay,307,
Nicaragua,REGION 2,Jinotega,Wiwilí,308,
Nicaragua,REGION 2,Leon,Achuapa,309,
Nicaragua,REGION 2,Leon,El Sauce,310,
Nicaragua,REGION 2,Leon,Santa Rosa del Peñón,311,
Nicaragua,REGION 2,Leon,El Jicaral,312,
Nicaragua,REGION 2,Leon,Larreynaga-Malpaisillo,313,
Nicaragua,REGION 2,Leon,Telica,314,
Nicaragua,REGION 2,Leon,Quezalguaque,315,
Nicaragua,REGION 2,Leon,León,316,
Nicaragua,REGION 2,Leon,La Paz Centro,317,
Nicaragua,REGION 2,Leon,Nagarote,318,
Nicaragua,REGION 2,Madriz,San José de Cusmapa,319,
Nicaragua,REGION 2,Madriz,Las Sabanas,320,
Nicaragua,REGION 2,Madriz,San Lucas,321,
Nicaragua,REGION 2,Madriz,Somoto,322,
Nicaragua,REGION 2,Madriz,Totogalpa,323,
Nicaragua,REGION 2,Madriz,Yalaguina,324,
Nicaragua,REGION 2,Madriz,Palacaguina,325,
Nicaragua,REGION 2,Madriz,Telpaneca,326,
Nicaragua,REGION 2,Madriz,San Juan de Río Coco,327,
Nicaragua,REGION 3,Managua,San Francisco Libre,328,
Nicaragua,REGION 3,Managua,Tipitapa,329,
Nicaragua,REGION 3,Managua,Managua,330,
Nicaragua,REGION 3,Managua,San Rafael del Sur,331,
Nicaragua,REGION 3,Managua,Villa Carlos Fonseca,332,
Nicaragua,REGION 3,Managua,El Crucero,333,
Nicaragua,REGION 3,Managua,Mateare,334,
Nicaragua,REGION 3,Managua,Ciudad Sandino,335,
Nicaragua,REGION 3,Managua,Ticuantepe,336,
Nicaragua,REGION 3,Masaya,Tisma,337,
Nicaragua,REGION 3,Masaya,Masaya,338,
Nicaragua,REGION 3,Masaya,Nindirí,339,
Nicaragua,REGION 3,Masaya,La Concepción,340,
Nicaragua,REGION 3,Masaya,Masatepe,341,
Nicaragua,REGION 3,Masaya,Nandasmo,342,
Nicaragua,REGION 3,Masaya,Niquinohomo,343,
Nicaragua,REGION 3,Masaya,Catarina,344,
Nicaragua,REGION 3,Masaya,San Juan de Oriente,345,
Nicaragua,REGION 3,Matagalpa,Matagalpa,346,
Nicaragua,REGION 3,Matagalpa,Sébaco,347,
Nicaragua,REGION 3,Matagalpa,San Isidro,348,
Nicaragua,REGION 3,Matagalpa,Ciudad Darío,349,
Nicaragua,REGION 3,Matagalpa,Terrabona,350,
Nicaragua,REGION 3,Matagalpa,San Dionisio,351,
Nicaragua,REGION 3,Matagalpa,Esquipulas,352,
Nicaragua,REGION 3,Matagalpa,Muy-Muy,353,
Nicaragua,REGION 3,Matagalpa,San Ramón,354,
Nicaragua,REGION 3,Matagalpa,Matiguás,355,
Nicaragua,REGION 3,Matagalpa,Río Blanco,356,
Nicaragua,REGION 3,Matagalpa,Rancho Grande,357,
Nicaragua,REGION 3,Matagalpa,Tuma La Dalia,358,
Nicaragua,REGION 3,Nueva Segovia,Santa María,359,
Nicaragua,REGION 3,Nueva Segovia,Macuelizo,360,
Nicaragua,REGION 3,Nueva Segovia,Dipilto,361,
Nicaragua,REGION 3,Nueva Segovia,Ocotal,362,
Nicaragua,REGION 3,Nueva Segovia,Mozonte,363,
Nicaragua,REGION 3,Nueva Segovia,San Fernando,364,
Nicaragua,REGION 3,Nueva Segovia,Jalapa,365,
Nicaragua,REGION 3,Nueva Segovia,Murra,366,
Nicaragua,REGION 3,Nueva Segovia,Wiwili,367,
Nicaragua,REGION 3,Nueva Segovia,El Jícaro,368,
Nicaragua,REGION 3,Nueva Segovia,Ciudad Antigua,369,
Nicaragua,REGION 3,Nueva Segovia,Quilali,370,
Nicaragua,REGION 4,Atlantico Norte,Waslala,371,
Nicaragua,REGION 4,Atlantico Norte,Waspan,372,
Nicaragua,REGION 4,Atlantico Norte,Puerto Cabezas,373,
Nicaragua,REGION 4,Atlantico Norte,Prinzapolka,374,
Nicaragua,REGION 4,Atlantico Norte,Bonanza,375,
Nicaragua,REGION 4,Atlantico Norte,Siuna,376,
Nicaragua,REGION 4,Atlantico Norte,Rosita ,377,
Nicaragua,REGION 4,Atlantico Sur,Bocana de Paiwas,378,
Nicaragua,REGION 4,Atlantico Sur,La Cruz de Río Grande,379,
Nicaragua,REGION 4,Atlantico Sur,Kukra Hill,380,
Nicaragua,REGION 4,Atlantico Sur,Laguna de Perlas,381,
Nicaragua,REGION 4,Atlantico Sur,Bluefields,382,
Nicaragua,REGION 4,Atlantico Sur,Corn Island,383,
Nicaragua,REGION 4,Atlantico Sur,El Tortuguero,384,
Nicaragua,REGION 4,Atlantico Sur,Desembocadura Río Grande,385,
Nicaragua,REGION 4,Río San Juan,Morrito,386,
Nicaragua,REGION 4,Río San Juan,El Almendro,387,
Nicaragua,REGION 4,Río San Juan,San Miguelito,388,
Nicaragua,REGION 4,Río San Juan,San Carlos,389,
Nicaragua,REGION 4,Río San Juan,El Castillo,390,
Nicaragua,REGION 4,Río San Juan,San Juan del Norte,391,
Nicaragua,REGION 4,Rivas,Tola,392,
Nicaragua,REGION 4,Rivas,Belén,393,
Nicaragua,REGION 4,Rivas,Potosí,394,
Nicaragua,REGION 4,Rivas,Buenos Aires,395,
Nicaragua,REGION 4,Rivas,San Jorge,396,
Nicaragua,REGION 4,Rivas,Rivas,397,
Nicaragua,REGION 4,Rivas,San Juan del Sur,398,
Nicaragua,REGION 4,Rivas,Cardenas,399,
Nicaragua,REGION 4,Rivas,Moyogalpa,400,
Nicaragua,REGION 4,Rivas,Altagracia,401,
Costa Rica,REGION 1,Alajuela,Alfaro Ruiz,402,
Costa Rica,REGION 1,Alajuela,Atenas,403,
Costa Rica,REGION 1,Alajuela,Central Alajuela,404,
Costa Rica,REGION 1,Alajuela,Grecia,405,
Costa Rica,REGION 1,Alajuela,Guatuso,406,
Costa Rica,REGION 1,Alajuela,Los Chiles,407,
Costa Rica,REGION 1,Alajuela,Naranjo,408,
Costa Rica,REGION 1,Alajuela,Orotina,409,
Costa Rica,REGION 1,Alajuela,Palmares,410,
Costa Rica,REGION 1,Alajuela,Poás,411,
Costa Rica,REGION 1,Alajuela,San Carlos,412,
Costa Rica,REGION 1,Alajuela,San Mateo,413,
Costa Rica,REGION 1,Alajuela,San Ramón,414,
Costa Rica,REGION 1,Alajuela,Upala,415,
Costa Rica,REGION 1,Alajuela,Valverde Vega,416,
Costa Rica,REGION 1,Cartago,Alvarado,417,
Costa Rica,REGION 1,Cartago,Cartago,418,
Costa Rica,REGION 1,Cartago,El Guarco,419,
Costa Rica,REGION 1,Cartago,Jiménez,420,
Costa Rica,REGION 1,Cartago,La Unión,421,
Costa Rica,REGION 1,Cartago,Oreamuno,422,
Costa Rica,REGION 1,Cartago,Paraíso,423,
Costa Rica,REGION 1,Cartago,Turrialba,424,
Costa Rica,REGION 2,Guanacaste,Abangares,425,
Costa Rica,REGION 2,Guanacaste,Bagaces,426,
Costa Rica,REGION 2,Guanacaste,Cañas,427,
Costa Rica,REGION 2,Guanacaste,Carrillo,428,
Costa Rica,REGION 2,Guanacaste,Hojancha,429,
Costa Rica,REGION 2,Guanacaste,La Cruz,430,
Costa Rica,REGION 2,Guanacaste,Liberia,431,
Costa Rica,REGION 2,Guanacaste,Nandayure,432,
Costa Rica,REGION 2,Guanacaste,Nicoya,433,
Costa Rica,REGION 2,Guanacaste,Santa Cruz,434,
Costa Rica,REGION 2,Guanacaste,Tilarán,435,
Costa Rica,REGION 2,Heredia,Barba,436,
Costa Rica,REGION 2,Heredia,Belén,437,
Costa Rica,REGION 2,Heredia,Central Heredia,438,
Costa Rica,REGION 2,Heredia,Flores,439,
Costa Rica,REGION 2,Heredia,San Isidro,440,
Costa Rica,REGION 2,Heredia,San Pablo,441,
Costa Rica,REGION 2,Heredia,San Rafael,442,
Costa Rica,REGION 2,Heredia,Santa Bárbara,443,
Costa Rica,REGION 2,Heredia,Santo Domingo,444,
Costa Rica,REGION 2,Heredia,Saraqpiquí,445,
Costa Rica,REGION 3,Limon,Central Limón,446,
Costa Rica,REGION 3,Limon,Guácimo,447,
Costa Rica,REGION 3,Limon,Matina,448,
Costa Rica,REGION 3,Limon,Pococí,449,
Costa Rica,REGION 3,Limon,Siquirres,450,
Costa Rica,REGION 3,Limon,Talamanca,451,
Costa Rica,REGION 3,Puntarenas,Aguirre,452,
Costa Rica,REGION 3,Puntarenas,Buenos Aires,453,
Costa Rica,REGION 3,Puntarenas,Central Puntarenas,454,
Costa Rica,REGION 3,Puntarenas,Corredores,455,
Costa Rica,REGION 3,Puntarenas,Coto Brus,456,
Costa Rica,REGION 3,Puntarenas,Esparza,457,
Costa Rica,REGION 3,Puntarenas,Garabito,458,
Costa Rica,REGION 3,Puntarenas,Golfito,459,
Costa Rica,REGION 3,Puntarenas,Montes de Oro,460,
Costa Rica,REGION 3,Puntarenas,Osa,461,
Costa Rica,REGION 3,Puntarenas,Parrita,462,
HONDURAS,REGION 1,Atlántida   ,La Ceiba,463,
HONDURAS,REGION 1,Atlántida   ,El Porvenir,464,
HONDURAS,REGION 1,Atlántida   ,Esparta,465,
HONDURAS,REGION 1,Atlántida   ,Jutiapa,466,
HONDURAS,REGION 1,Atlántida   ,La Masica,467,
HONDURAS,REGION 1,Atlántida   ,San Francisco,468,
HONDURAS,REGION 1,Atlántida   ,Tela,469,
HONDURAS,REGION 1,Atlántida   ,Arizona,470,
HONDURAS,REGION 1,Colón   ,Colón,471,
HONDURAS,REGION 1,Colón   ,Chagres,472,
HONDURAS,REGION 1,Colón   ,Donoso,473,
HONDURAS,REGION 1,Colón   ,Portobelo,474,
HONDURAS,REGION 1,Colón   ,Santa Isabel,475,
HONDURAS,REGION 1,Colón   ,Trujillo,476,
HONDURAS,REGION 1,Colón   ,Balfate,477,
HONDURAS,REGION 1,Colón   ,Iriona,478,
HONDURAS,REGION 1,Colón   ,Limón,479,
HONDURAS,REGION 1,Colón   ,Saba,480,
HONDURAS,REGION 1,Colón   ,Santa Fé,481,
HONDURAS,REGION 1,Colón   ,Santa Rosa de Aguan,482,
HONDURAS,REGION 1,Colón   ,Sonaguera,483,
HONDURAS,REGION 1,Colón   ,Tocoa,484,
HONDURAS,REGION 1,Colón   ,Bonito Oriental,485,
HONDURAS,REGION 1,Comayagua   ,Comayagua,486,
HONDURAS,REGION 1,Comayagua   ,Ajuterique,487,
HONDURAS,REGION 1,Comayagua   ,El Rosario,488,
HONDURAS,REGION 1,Comayagua   ,Esquias,489,
HONDURAS,REGION 1,Comayagua   ,Humuya,490,
HONDURAS,REGION 1,Comayagua   ,La Libertad,491,
HONDURAS,REGION 1,Comayagua   ,Lamani,492,
HONDURAS,REGION 1,Comayagua   ,La Trinidad,493,
HONDURAS,REGION 1,Comayagua   ,Lejamani,494,
HONDURAS,REGION 1,Comayagua   ,Meambar,495,
HONDURAS,REGION 1,Comayagua   ,Minas de Oro,496,
HONDURAS,REGION 1,Comayagua   ,Ojos de AGua,497,
HONDURAS,REGION 1,Comayagua   ,San Jerónimo,498,
HONDURAS,REGION 1,Comayagua   ,San José Comayagua,499,
HONDURAS,REGION 1,Comayagua   ,San José del Potrero,500,
HONDURAS,REGION 1,Comayagua   ,San Luis,501,
HONDURAS,REGION 1,Comayagua   ,San Sebastián,502,
HONDURAS,REGION 1,Comayagua   ,Siguatepeque,503,
HONDURAS,REGION 1,Comayagua   ,Villa de San Antonio,504,
HONDURAS,REGION 1,Comayagua   ,Las Lajas,505,
HONDURAS,REGION 1,Comayagua   ,Taulabe,506,
HONDURAS,REGION 1,Copán   ,Santa Rosa de Copán,507,
HONDURAS,REGION 1,Copán   ,Cabañas,508,
HONDURAS,REGION 1,Copán   ,Concepción,509,
HONDURAS,REGION 1,Copán   ,Copán Ruinas,510,
HONDURAS,REGION 1,Copán   ,Corquin,511,
HONDURAS,REGION 1,Copán   ,Cucuyagua,512,
HONDURAS,REGION 1,Copán   ,Dolores,513,
HONDURAS,REGION 1,Copán   ,Dulce Nombre,514,
HONDURAS,REGION 1,Copán   ,El Paraíso,515,
HONDURAS,REGION 1,Copán   ,Florida,516,
HONDURAS,REGION 1,Copán   ,La Jigua,517,
HONDURAS,REGION 1,Copán   ,La Unión,518,
HONDURAS,REGION 1,Copán   ,Nueva Arcadia,519,
HONDURAS,REGION 1,Copán   ,San Agustín,520,
HONDURAS,REGION 1,Copán   ,San Antonio,521,
HONDURAS,REGION 1,Copán   ,San Jerónimo,522,
HONDURAS,REGION 1,Copán   ,San José,523,
HONDURAS,REGION 1,Copán   ,San Juan de Opoa,524,
HONDURAS,REGION 1,Copán   ,San Nicolás,525,
HONDURAS,REGION 1,Copán   ,San Pedro,526,
HONDURAS,REGION 1,Copán   ,Santa Rita,527,
HONDURAS,REGION 1,Copán   ,Trinidad,528,
HONDURAS,REGION 1,Copán   ,Veracruz,529,
HONDURAS,REGION 1,Cortés   ,San Pedro Sula,530,
HONDURAS,REGION 1,Cortés   ,Choloma,531,
HONDURAS,REGION 1,Cortés   ,Omoa,532,
HONDURAS,REGION 1,Cortés   ,Pimienta,533,
HONDURAS,REGION 1,Cortés   ,Potrerillos,534,
HONDURAS,REGION 1,Cortés   ,Puerto Cortés,535,
HONDURAS,REGION 1,Cortés   ,San Antonio de Cortés,536,
HONDURAS,REGION 1,Cortés   ,San Francisco de Yojoa,537,
HONDURAS,REGION 1,Cortés   ,San Manuel,538,
HONDURAS,REGION 1,Cortés   ,Santa Cruz de Yojoa,539,
HONDURAS,REGION 1,Cortés   ,Villanueva,540,
HONDURAS,REGION 1,Cortés   ,La Lima,541,
HONDURAS,REGION 2,Choluteca   ,Choluteca,542,
HONDURAS,REGION 2,Choluteca   ,Apacilagua,543,
HONDURAS,REGION 2,Choluteca   ,Concepción de María,544,
HONDURAS,REGION 2,Choluteca   ,Duyure,545,
HONDURAS,REGION 2,Choluteca   ,El Corpus,546,
HONDURAS,REGION 2,Choluteca   ,El Triunfo,547,
HONDURAS,REGION 2,Choluteca   ,Marcovia,548,
HONDURAS,REGION 2,Choluteca   ,Morolica,549,
HONDURAS,REGION 2,Choluteca   ,Namasigue,550,
HONDURAS,REGION 2,Choluteca   ,Orocuina,551,
HONDURAS,REGION 2,Choluteca   ,Pespire,552,
HONDURAS,REGION 2,Choluteca   ,San Antonio de Flores,553,
HONDURAS,REGION 2,Choluteca   ,San Isidro,554,
HONDURAS,REGION 2,Choluteca   ,San José,555,
HONDURAS,REGION 2,Choluteca   ,San Marcos de Colón,556,
HONDURAS,REGION 2,Choluteca   ,Santa Ana de Yusguare,557,
HONDURAS,REGION 2,El Paraíso   ,Yuscaran,558,
HONDURAS,REGION 2,El Paraíso   ,Alauca,559,
HONDURAS,REGION 2,El Paraíso   ,Danli,560,
HONDURAS,REGION 2,El Paraíso   ,El Paraíso,561,
HONDURAS,REGION 2,El Paraíso   ,Guinope,562,
HONDURAS,REGION 2,El Paraíso   ,Jacaleapa,563,
HONDURAS,REGION 2,El Paraíso   ,Liure,564,
HONDURAS,REGION 2,El Paraíso   ,Moroceli,565,
HONDURAS,REGION 2,El Paraíso   ,Oropoli,566,
HONDURAS,REGION 2,El Paraíso   ,Potrerillos,567,
HONDURAS,REGION 2,El Paraíso   ,San Antonio de Flores,568,
HONDURAS,REGION 2,El Paraíso   ,San Lucas,569,
HONDURAS,REGION 2,El Paraíso   ,San Matías,570,
HONDURAS,REGION 2,El Paraíso   ,Soledad,571,
HONDURAS,REGION 2,El Paraíso   ,Teupasenti,572,
HONDURAS,REGION 2,El Paraíso   ,Texiguat,573,
HONDURAS,REGION 2,El Paraíso   ,Vado Ancho,574,
HONDURAS,REGION 2,El Paraíso   ,Yauyupe,575,
HONDURAS,REGION 2,El Paraíso   ,Trojes,576,
HONDURAS,REGION 2,Francisco Morazán  , Distrito Central (Tegucigalpa),577,
HONDURAS,REGION 2,Francisco Morazán  ,Alubaren,578,
HONDURAS,REGION 2,Francisco Morazán  ,Cedros,579,
HONDURAS,REGION 2,Francisco Morazán  ,Curaren,580,
HONDURAS,REGION 2,Francisco Morazán  ,El Porvenir,581,
HONDURAS,REGION 2,Francisco Morazán  ,Guaimaca,582,
HONDURAS,REGION 2,Francisco Morazán  ,La Libertad,583,
HONDURAS,REGION 2,Francisco Morazán  ,La Venta,584,
HONDURAS,REGION 2,Francisco Morazán  ,Lepaterique,585,
HONDURAS,REGION 2,Francisco Morazán  ,Maraita,586,
HONDURAS,REGION 2,Francisco Morazán  ,Marale,587,
HONDURAS,REGION 2,Francisco Morazán  ,Nueva Armenia,588,
HONDURAS,REGION 2,Francisco Morazán  ,Ojojona,589,
HONDURAS,REGION 2,Francisco Morazán  ,Orica,590,
HONDURAS,REGION 2,Francisco Morazán  ,Reitoca,591,
HONDURAS,REGION 2,Francisco Morazán  ,Sabanagrande,592,
HONDURAS,REGION 2,Francisco Morazán  ,San Antonio de Oriente,593,
HONDURAS,REGION 2,Francisco Morazán  ,San Buenaventura,594,
HONDURAS,REGION 2,Francisco Morazán  ,San Ignacio,595,
HONDURAS,REGION 2,Francisco Morazán  ,San Juan de Flores,596,
HONDURAS,REGION 2,Francisco Morazán  ,San Miguelito,597,
HONDURAS,REGION 2,Francisco Morazán  ,Santa Ana,598,
HONDURAS,REGION 2,Francisco Morazán  ,Santa Lucía,599,
HONDURAS,REGION 2,Francisco Morazán  ,Talanga,600,
HONDURAS,REGION 2,Francisco Morazán  ,Tatumbla,601,
HONDURAS,REGION 2,Francisco Morazán  ,Valle de Angeles,602,
HONDURAS,REGION 2,Francisco Morazán  ,Villa de San Francisco,603,
HONDURAS,REGION 2,Francisco Morazán  ,Vallecillo,604,
HONDURAS,REGION 2,Gracias a Dios   ,Puerto Lempira,605,
HONDURAS,REGION 2,Gracias a Dios   ,Brus Laguna,606,
HONDURAS,REGION 2,Gracias a Dios   ,Ahuas,607,
HONDURAS,REGION 2,Gracias a Dios   ,Juan Francisco Bulnes,608,
HONDURAS,REGION 2,Gracias a Dios   ,Villeda Morales,609,
HONDURAS,REGION 2,Gracias a Dios   ,Wampusirpi,610,
HONDURAS,REGION 2,Intibuca   ,La Esperanza,611,
HONDURAS,REGION 2,Intibuca   ,Camasca,612,
HONDURAS,REGION 2,Intibuca   ,Colomoncagua,613,
HONDURAS,REGION 2,Intibuca   ,Concepción,614,
HONDURAS,REGION 2,Intibuca   ,Dolores,615,
HONDURAS,REGION 2,Intibuca   ,Intibuca,616,
HONDURAS,REGION 2,Intibuca   ,Jesús de Otoro,617,
HONDURAS,REGION 2,Intibuca   ,Magdalena,618,
HONDURAS,REGION 2,Intibuca   ,Masaguara,619,
HONDURAS,REGION 2,Intibuca   ,San Antonio ,620,
HONDURAS,REGION 2,Intibuca   ,San Isidro,621,
HONDURAS,REGION 2,Intibuca   ,San Juan,622,
HONDURAS,REGION 2,Intibuca   ,San Marcos de La Sierra,623,
HONDURAS,REGION 2,Intibuca   ,San Miguelito,624,
HONDURAS,REGION 2,Intibuca   ,Santa Lucía,625,
HONDURAS,REGION 2,Intibuca   ,Yamaranguila,626,
HONDURAS,REGION 2,Intibuca   ,San Francisco de Opalaca,627,
HONDURAS,REGION 3,Islas de la Bahía   ,Roatan,628,
HONDURAS,REGION 3,Islas de la Bahía   ,Guanaja,629,
HONDURAS,REGION 3,Islas de la Bahía   ,José Santos Guardiola,630,
HONDURAS,REGION 3,Islas de la Bahía   ,Utila,631,
HONDURAS,REGION 3,La Paz   ,La Paz,632,
HONDURAS,REGION 3,La Paz   ,Aguantequerique,633,
HONDURAS,REGION 3,La Paz   ,Cabañas,634,
HONDURAS,REGION 3,La Paz   ,Cane,635,
HONDURAS,REGION 3,La Paz   ,Chinacla,636,
HONDURAS,REGION 3,La Paz   ,Guajiquiro,637,
HONDURAS,REGION 3,La Paz   ,Lauterique,638,
HONDURAS,REGION 3,La Paz   ,Marcala,639,
HONDURAS,REGION 3,La Paz   ,Mercedes de Oriente,640,
HONDURAS,REGION 3,La Paz   ,Opatoro,641,
HONDURAS,REGION 3,La Paz   ,San Antonio del Norte,642,
HONDURAS,REGION 3,La Paz   ,San José,643,
HONDURAS,REGION 3,La Paz   ,San Juan,644,
HONDURAS,REGION 3,La Paz   ,San pedro de Tutule,645,
HONDURAS,REGION 3,La Paz   ,Santa Ana,646,
HONDURAS,REGION 3,La Paz   ,Santa Elena,647,
HONDURAS,REGION 3,La Paz   ,Santa María,648,
HONDURAS,REGION 3,La Paz   ,Santiago de Puringla,649,
HONDURAS,REGION 3,La Paz   ,Yarula,650,
HONDURAS,REGION 3,Lempira   ,Gracias,651,
HONDURAS,REGION 3,Lempira   ,Belén,652,
HONDURAS,REGION 3,Lempira   ,Candelaria,653,
HONDURAS,REGION 3,Lempira   ,Cololaca,654,
HONDURAS,REGION 3,Lempira   ,Erandique,655,
HONDURAS,REGION 3,Lempira   ,Gualcince,656,
HONDURAS,REGION 3,Lempira   ,Guarita,657,
HONDURAS,REGION 3,Lempira   ,La Campa,658,
HONDURAS,REGION 3,Lempira   ,La Iguala,659,
HONDURAS,REGION 3,Lempira   ,Las Flores,660,
HONDURAS,REGION 3,Lempira   ,La Unión,661,
HONDURAS,REGION 3,Lempira   ,La Virtud,662,
HONDURAS,REGION 3,Lempira   ,Lepaera,663,
HONDURAS,REGION 3,Lempira   ,Mapulaca,664,
HONDURAS,REGION 3,Lempira   ,Piraera,665,
HONDURAS,REGION 3,Lempira   ,San Andrés,666,
HONDURAS,REGION 3,Lempira   ,San Francisco,667,
HONDURAS,REGION 3,Lempira   ,San Juan Guarita,668,
HONDURAS,REGION 3,Lempira   ,San Manuel de Colohete,669,
HONDURAS,REGION 3,Lempira   ,San Rafael,670,
HONDURAS,REGION 3,Lempira   ,San Sebastián,671,
HONDURAS,REGION 3,Lempira   ,Santa Cruz,672,
HONDURAS,REGION 3,Lempira   ,Talgua,673,
HONDURAS,REGION 3,Lempira   ,Tambla,674,
HONDURAS,REGION 3,Lempira   ,Tomala,675,
HONDURAS,REGION 3,Lempira   ,Valladolid,676,
HONDURAS,REGION 3,Lempira   ,Virginia,677,
HONDURAS,REGION 3,Lempira   ,San Marcos de Caiquin,678,
HONDURAS,REGION 4,Olancho   ,Juticalpa,679,
HONDURAS,REGION 4,Olancho   ,Campamento,680,
HONDURAS,REGION 4,Olancho   ,Catacamas,681,
HONDURAS,REGION 4,Olancho   ,Concordia,682,
HONDURAS,REGION 4,Olancho   ,Dulce Nombre de Culmi,683,
HONDURAS,REGION 4,Olancho   ,El Rosario,684,
HONDURAS,REGION 4,Olancho   ,Esquipulas del Norte,685,
HONDURAS,REGION 4,Olancho   ,Gualaco,686,
HONDURAS,REGION 4,Olancho   ,Guarizama,687,
HONDURAS,REGION 4,Olancho   ,Guata,688,
HONDURAS,REGION 4,Olancho   ,Guayape,689,
HONDURAS,REGION 4,Olancho   ,Jano,690,
HONDURAS,REGION 4,Olancho   ,La Unión,691,
HONDURAS,REGION 4,Olancho   ,Mangulile,692,
HONDURAS,REGION 4,Olancho   ,Manto,693,
HONDURAS,REGION 4,Olancho   ,Salama,694,
HONDURAS,REGION 4,Olancho   ,San Esteban,695,
HONDURAS,REGION 4,Olancho   ,San Francisco de Becerra,696,
HONDURAS,REGION 4,Olancho   ,San Francisco de La Paz,697,
HONDURAS,REGION 4,Olancho   ,Santa María del Real,698,
HONDURAS,REGION 4,Olancho   ,Silca,699,
HONDURAS,REGION 4,Olancho   ,Yocon,700,
HONDURAS,REGION 4,Olancho   ,Patuca,701,
HONDURAS,REGION 4,Santa Bárbara   ,Santa Bárbara,702,
HONDURAS,REGION 4,Santa Bárbara   ,Arada,703,
HONDURAS,REGION 4,Santa Bárbara   ,Atima,704,
HONDURAS,REGION 4,Santa Bárbara   ,Azacualpa,705,
HONDURAS,REGION 4,Santa Bárbara   ,Ceguaca,706,
HONDURAS,REGION 4,Santa Bárbara   ,San José de Colinas,707,
HONDURAS,REGION 4,Santa Bárbara   ,Concepción del Norte,708,
HONDURAS,REGION 4,Santa Bárbara   ,Concepción del Sur,709,
HONDURAS,REGION 4,Santa Bárbara   ,Chinda,710,
HONDURAS,REGION 4,Santa Bárbara   ,El Níspero,711,
HONDURAS,REGION 4,Santa Bárbara   ,Gualala,712,
HONDURAS,REGION 4,Santa Bárbara   ,Llama,713,
HONDURAS,REGION 4,Santa Bárbara   ,Macuelizo,714,
HONDURAS,REGION 4,Santa Bárbara   ,Naranjito,715,
HONDURAS,REGION 4,Santa Bárbara   ,Nuevo Celilac,716,
HONDURAS,REGION 4,Santa Bárbara   ,Petoa,717,
HONDURAS,REGION 4,Santa Bárbara   ,Protección,718,
HONDURAS,REGION 4,Santa Bárbara   ,Quimistan,719,
HONDURAS,REGION 4,Santa Bárbara   ,San Francisco de Ojuera,720,
HONDURAS,REGION 4,Santa Bárbara   ,San Luis,721,
HONDURAS,REGION 4,Santa Bárbara   ,San Marcos,722,
HONDURAS,REGION 4,Santa Bárbara   ,San Nicolás,723,
HONDURAS,REGION 4,Santa Bárbara   ,San Pedro de Zacapa,724,
HONDURAS,REGION 4,Santa Bárbara   ,Santa Rita,725,
HONDURAS,REGION 4,Santa Bárbara   ,San Vicente Centenario,726,
HONDURAS,REGION 4,Santa Bárbara   ,Trinidad,727,
HONDURAS,REGION 4,Santa Bárbara   ,Las Vegas,728,
HONDURAS,REGION 4,Santa Bárbara   ,Nueva Frontera,729,
HONDURAS,REGION 4,Valle   ,Nacaome,730,
HONDURAS,REGION 4,Valle   ,Alianza,731,
HONDURAS,REGION 4,Valle   ,Amapala,732,
HONDURAS,REGION 4,Valle   ,Aramecina,733,
HONDURAS,REGION 4,Valle   ,Caridad,734,
HONDURAS,REGION 4,Valle   ,Goascoran,735,
HONDURAS,REGION 4,Valle   ,Langue,736,
HONDURAS,REGION 4,Valle   ,San Francisco de Coray,737,
HONDURAS,REGION 4,Valle   ,San Lorenzo,738,
HONDURAS,REGION 4,Yoro   ,Yoro,739,
HONDURAS,REGION 4,Yoro   ,Arenal,740,
HONDURAS,REGION 4,Yoro   ,El Negrito,741,
HONDURAS,REGION 4,Yoro   ,El Progreso,742,
HONDURAS,REGION 4,Yoro   ,Jocon,743,
HONDURAS,REGION 4,Yoro   ,Morazan,744,
HONDURAS,REGION 4,Yoro   ,Olanchito,745,
HONDURAS,REGION 4,Yoro   ,Santa Rita,746,
HONDURAS,REGION 4,Yoro   ,Sulaco,747,
HONDURAS,REGION 4,Yoro   ,Victoria,748,
HONDURAS,REGION 4,Yoro   ,Yorito,749,
Panama,REGION 1,Bocas del Toro,Bocas del Toro,750,
Panama,REGION 1,Bocas del Toro,Changuinola,751,
Panama,REGION 1,Bocas del Toro,Chiriqui Grande,752,
Panama,REGION 1,Bocas del Toro,Colón. Municipios:,753,
Panama,REGION 1,Bocas del Toro,Colón,754,
Panama,REGION 1,Bocas del Toro,Chagres,755,
Panama,REGION 1,Bocas del Toro,Donoso,756,
Panama,REGION 1,Bocas del Toro,Portobelo,757,
Panama,REGION 1,Bocas del Toro,Santa Isabel,758,
Panama,REGION 1,Bocas del Toro,Trujillo,759,
Panama,REGION 1,Bocas del Toro,Balfate,760,
Panama,REGION 1,Bocas del Toro,Iriona,761,
Panama,REGION 1,Bocas del Toro,Limón,762,
Panama,REGION 1,Bocas del Toro,Saba,763,
Panama,REGION 1,Bocas del Toro,Santa Fe,764,
Panama,REGION 1,Bocas del Toro,Santa Rosa de Aguan,765,
Panama,REGION 1,Bocas del Toro,Sonaguera,766,
Panama,REGION 1,Bocas del Toro,Tocoa,767,
Panama,REGION 1,Bocas del Toro,Bonito Oriental,768,
Panama,REGION 1,Chiriquí,Alanje,769,
Panama,REGION 1,Chiriquí,Barú,770,
Panama,REGION 1,Chiriquí,Boquerón,771,
Panama,REGION 1,Chiriquí,Boquete,772,
Panama,REGION 1,Chiriquí,Bugaba,773,
Panama,REGION 1,Chiriquí,David,774,
Panama,REGION 1,Chiriquí,Dolega,775,
Panama,REGION 1,Chiriquí,Gualaca,776,
Panama,REGION 1,Chiriquí,Remedios,777,
Panama,REGION 1,Chiriquí,Renacimiento,778,
Panama,REGION 1,Chiriquí,San Felix,779,
Panama,REGION 1,Chiriquí,San Lorenzo,780,
Panama,REGION 1,Chiriquí,Tolé,781,
Panama,REGION 1,Chiriquí,Darién. Municipios:,782,
Panama,REGION 1,Chiriquí,Chepigana,783,
Panama,REGION 1,Chiriquí,Pinogana,784,
Panama,REGION 1,Chiriquí,Herrera. Municipios:,785,
Panama,REGION 1,Chiriquí,Chitré,786,
Panama,REGION 1,Chiriquí,Las Minas,787,
Panama,REGION 1,Chiriquí,Los Pozos,788,
Panama,REGION 1,Chiriquí,Ocú,789,
Panama,REGION 1,Chiriquí,Parita,790,
Panama,REGION 1,Chiriquí,Pesé,791,
Panama,REGION 1,Chiriquí,Santa María,792,
Panama,REGION 1,Los Santos,Guararé,793,
Panama,REGION 1,Los Santos,Las Tablas,794,
Panama,REGION 1,Los Santos,Los Santos,795,
Panama,REGION 1,Los Santos,Macaracas,796,
Panama,REGION 1,Los Santos,Pedasi,797,
Panama,REGION 1,Los Santos,Pocri,798,
Panama,REGION 1,Los Santos,Tonosi,799,
Panama,REGION 1,Panamá,Araiján,800,
Panama,REGION 1,Panamá,Balboa,801,
Panama,REGION 1,Panamá,Capira,802,
Panama,REGION 1,Panamá,Chame,803,
Panama,REGION 1,Panamá,Chepo,804,
Panama,REGION 1,Panamá,Chimán,805,
Panama,REGION 1,Panamá,La Chorrera,806,
Panama,REGION 1,Panamá,Panamá,807,
Panama,REGION 1,Panamá,San Carlos,808,
Panama,REGION 1,Panamá,San Miguelito,809,
Panama,REGION 1,Panamá,Taboga,810,
Panama,REGION 1,Veraguas,Atalaya,811,
Panama,REGION 1,Veraguas,Calobre,812,
Panama,REGION 1,Veraguas,Cañazas,813,
Panama,REGION 1,Veraguas,La Mesa,814,
Panama,REGION 1,Veraguas,Las Palmas,815,
Panama,REGION 1,Veraguas,Montijo,816,
Panama,REGION 1,Veraguas,Río de Jesús,817,
Panama,REGION 1,Veraguas,San Francisco,818,
Panama,REGION 1,Veraguas,Santa Fe,819,
Panama,REGION 1,Veraguas,Santiago,820,
Panama,REGION 1,Veraguas,Soná,821,
Panama,REGION 1,Veraguas,Comarcas,822,
Panama,REGION 1,Veraguas,San Blas,823,
Panama,REGION 1,Ngobe Buglé,Kankintu,824,
Panama,REGION 1,Ngobe Buglé,Kusapin,825,
Panama,REGION 1,Ngobe Buglé,Besiko,826,
Panama,REGION 1,Ngobe Buglé,Mirono,827,
Panama,REGION 1,Ngobe Buglé,Muna,828,
Panama,REGION 1,Ngobe Buglé,Nole Duima,829,
Panama,REGION 1,Ngobe Buglé,Ñurun,830,
Panama,REGION 1,Ngobe Buglé,Emberá-Wounaan. Municipios:,831,
Panama,REGION 1,Ngobe Buglé,Cemaco,832,
Panama,REGION 1,Ngobe Buglé,Sambu,833,
GUATEMALA,Región 1,Guatemala,Guatemala,834,
GUATEMALA,Región 1,Guatemala,Santa Catarina Pinula,835,
GUATEMALA,Región 1,Guatemala,San José Pinula,836,
GUATEMALA,Región 1,Guatemala,San José del Golfo,837,
GUATEMALA,Región 1,Guatemala,Palencia,838,
GUATEMALA,Región 1,Guatemala,Chinautla,839,
GUATEMALA,Región 1,Guatemala,San Pedro Ayampuc,840,
GUATEMALA,Región 1,Guatemala,Mixco,841,
GUATEMALA,Región 1,Guatemala,San Pedro Sacatepéquez,842,
GUATEMALA,Región 1,Guatemala,San Juan Sacatepéquez,843,
GUATEMALA,Región 1,Guatemala,San Raimundo,844,
GUATEMALA,Región 1,Guatemala,Chuarrancho,845,
GUATEMALA,Región 1,Guatemala,Fraijanes,846,
GUATEMALA,Región 1,Guatemala,Amatitlan,847,
GUATEMALA,Región 1,Guatemala,Villa Nueva,848,
GUATEMALA,Región 1,Guatemala,Villa Canales,849,
GUATEMALA,Región 1,Guatemala,San Miguel Petapa,850,
GUATEMALA,Región 2,El Progreso,Guastatoya,851,
GUATEMALA,Región 2,El Progreso,Morazán,852,
GUATEMALA,Región 2,El Progreso,San Agustin Acasaguastlán,853,
GUATEMALA,Región 2,El Progreso,San Cristobal Acasaguastlán,854,
GUATEMALA,Región 2,El Progreso,El Jícaro,855,
GUATEMALA,Región 2,El Progreso,Sansare,856,
GUATEMALA,Región 2,El Progreso,Sanarate,857,
GUATEMALA,Región 2,El Progreso,San Antonio La Paz,858,
GUATEMALA,Región 5,Sacatepequez,Antigua Guatemala,859,
GUATEMALA,Región 5,Sacatepequez,Jocotenango,860,
GUATEMALA,Región 5,Sacatepequez,Pastores,861,
GUATEMALA,Región 5,Sacatepequez,Sumpango,862,
GUATEMALA,Región 5,Sacatepequez,Santo Domingo Xenacoj,863,
GUATEMALA,Región 5,Sacatepequez,Santiago Sacatepéquez,864,
GUATEMALA,Región 5,Sacatepequez,San Bartolomé Milpas Altas,865,
GUATEMALA,Región 5,Sacatepequez,San Lucas Sacatepéquez,866,
GUATEMALA,Región 5,Sacatepequez,Santa Lucía Milpas Altas,867,
GUATEMALA,Región 5,Sacatepequez,Magdalena Milpas Altas,868,
GUATEMALA,Región 5,Sacatepequez,Santa María de Jesús,869,
GUATEMALA,Región 5,Sacatepequez,Ciudad Vieja,870,
GUATEMALA,Región 5,Sacatepequez,San Miguel Dueñas,871,
GUATEMALA,Región 5,Sacatepequez,San Juan Alotenango,872,
GUATEMALA,Región 5,Sacatepequez,San Antonio Aguas Calientes,873,
GUATEMALA,Región 5,Sacatepequez,Santa Catarina Barahona,874,
GUATEMALA,Región 5,Chimaltenango,Chimaltenango,875,
GUATEMALA,Región 5,Chimaltenango,San José Poaquil,876,
GUATEMALA,Región 5,Chimaltenango,San Martín Jilotepeque,877,
GUATEMALA,Región 5,Chimaltenango,San Juan Comalapa,878,
GUATEMALA,Región 5,Chimaltenango,Santa Polonia,879,
GUATEMALA,Región 5,Chimaltenango,Tecpán Guatemala,880,
GUATEMALA,Región 5,Chimaltenango,Patzún,881,
GUATEMALA,Región 5,Chimaltenango,San Miguel Pochuta,882,
GUATEMALA,Región 5,Chimaltenango,Patzicía,883,
GUATEMALA,Región 5,Chimaltenango,Santa Cruz Balanyá,884,
GUATEMALA,Región 5,Chimaltenango,Acatenango,885,
GUATEMALA,Región 5,Chimaltenango,San Pedro Yepocapa,886,
GUATEMALA,Región 5,Chimaltenango,San Andrés Itzapa,887,
GUATEMALA,Región 5,Chimaltenango,Parramos,888,
GUATEMALA,Región 5,Chimaltenango,Zaragoza,889,
GUATEMALA,Región 5,Chimaltenango,El Tejar,890,
GUATEMALA,Región 5,Escuintla,Escuintla,891,
GUATEMALA,Región 5,Escuintla,Santa Lucía Cotzumalguapa,892,
GUATEMALA,Región 5,Escuintla,La Democracia,893,
GUATEMALA,Región 5,Escuintla,Siquinalá,894,
GUATEMALA,Región 5,Escuintla,Masagua,895,
GUATEMALA,Región 5,Escuintla,Tiquisate,896,
GUATEMALA,Región 5,Escuintla,La Gomera,897,
GUATEMALA,Región 5,Escuintla,Guanagazapa,898,
GUATEMALA,Región 5,Escuintla,San José,899,
GUATEMALA,Región 5,Escuintla,Iztapa,900,
GUATEMALA,Región 5,Escuintla,Palín,901,
GUATEMALA,Región 5,Escuintla,San Vicente Pacayá,902,
GUATEMALA,Región 5,Escuintla,Nueva Concepción,903,
GUATEMALA,Región 4,Santa Rosa,Cuilapa,904,
GUATEMALA,Región 4,Santa Rosa,Barberena,905,
GUATEMALA,Región 4,Santa Rosa,Santa Rosa de Lima,906,
GUATEMALA,Región 4,Santa Rosa,Casillas,907,
GUATEMALA,Región 4,Santa Rosa,San Rafael Las Flores,908,
GUATEMALA,Región 4,Santa Rosa,Oratorio,909,
GUATEMALA,Región 4,Santa Rosa,San Juan Tecuaco,910,
GUATEMALA,Región 4,Santa Rosa,Chiquimulamulilla,911,
GUATEMALA,Región 4,Santa Rosa,Taxisco,912,
GUATEMALA,Región 4,Santa Rosa,Santa María Ixhuatán,913,
GUATEMALA,Región 4,Santa Rosa,Guazacapán,914,
GUATEMALA,Región 4,Santa Rosa,Santa Cruz Naranjo ,915,
GUATEMALA,Región 4,Santa Rosa,Pueblo Nuevo Viñas,916,
GUATEMALA,Región 4,Santa Rosa,Nueva Santa Rosa,917,
GUATEMALA,Región 6,Solola,Sololá,918,
GUATEMALA,Región 6,Solola,San José Chacayá ,919,
GUATEMALA,Región 6,Solola,Santa María Visitación,920,
GUATEMALA,Región 6,Solola,Santa Lucía Utantlán,921,
GUATEMALA,Región 6,Solola,Nahualá,922,
GUATEMALA,Región 6,Solola,Santa Catarina Ixtahuacán,923,
GUATEMALA,Región 6,Solola,Santa Clara La Laguna,924,
GUATEMALA,Región 6,Solola,Concepción,925,
GUATEMALA,Región 6,Solola,San Andrés Semetabaj,926,
GUATEMALA,Región 6,Solola,Panajachel,927,
GUATEMALA,Región 6,Solola,Santa Catarina Palopó,928,
GUATEMALA,Región 6,Solola,San Antonio Palopó,929,
GUATEMALA,Región 6,Solola,San Lucas Tollimán ,930,
GUATEMALA,Región 6,Solola,Santa Cruz La Laguna,931,
GUATEMALA,Región 6,Solola,San Pablo La Laguna,932,
GUATEMALA,Región 6,Solola,San Marcos La Laguna ,933,
GUATEMALA,Región 6,Solola,San Juan La Laguna,934,
GUATEMALA,Región 6,Solola,San Pedro La Laguna,935,
GUATEMALA,Región 6,Solola,Santiago Atitlán,936,
GUATEMALA,Región 6,Totonicapán,Totonicapán,937,
GUATEMALA,Región 6,Totonicapán,San Critobal Totonicapán ,938,
GUATEMALA,Región 6,Totonicapán,San Francisco El Alto ,939,
GUATEMALA,Región 6,Totonicapán,San Andrés Xecul,940,
GUATEMALA,Región 6,Totonicapán,Momostenango,941,
GUATEMALA,Región 6,Totonicapán,Santa María Chiquimulamula,942,
GUATEMALA,Región 6,Totonicapán,Santa Lucía La Reforma ,943,
GUATEMALA,Región 6,Totonicapán,San Bartolo,944,
GUATEMALA,Región 6,Quetzaltenango,Quetzaltenango,945,
GUATEMALA,Región 6,Quetzaltenango,Salcajá,946,
GUATEMALA,Región 6,Quetzaltenango,Olintepeque,947,
GUATEMALA,Región 6,Quetzaltenango,San Carlos Sija,948,
GUATEMALA,Región 6,Quetzaltenango,Sibilia,949,
GUATEMALA,Región 6,Quetzaltenango,Cabricán,950,
GUATEMALA,Región 6,Quetzaltenango,Cajolá,951,
GUATEMALA,Región 6,Quetzaltenango,San Miguel Siguilá ,952,
GUATEMALA,Región 6,Quetzaltenango,San Juan Ostuncalco,953,
GUATEMALA,Región 6,Quetzaltenango,San Mateo,954,
GUATEMALA,Región 6,Quetzaltenango,Concepción Chiquimularichapa,955,
GUATEMALA,Región 6,Quetzaltenango,San Martín Sacatepéquez,956,
GUATEMALA,Región 6,Quetzaltenango,Almolonga,957,
GUATEMALA,Región 6,Quetzaltenango,Cantel,958,
GUATEMALA,Región 6,Quetzaltenango,Huitán,959,
GUATEMALA,Región 6,Quetzaltenango,Zunil,960,
GUATEMALA,Región 6,Quetzaltenango,Colomba,961,
GUATEMALA,Región 6,Quetzaltenango,San Francisco La Unión ,962,
GUATEMALA,Región 6,Quetzaltenango,El Palmar,963,
GUATEMALA,Región 6,Quetzaltenango,Coatepeque,964,
GUATEMALA,Región 6,Quetzaltenango,Génova,965,
GUATEMALA,Región 6,Quetzaltenango,Flores Costa Cuca,966,
GUATEMALA,Región 6,Quetzaltenango,La Esperanza,967,
GUATEMALA,Región 6,Quetzaltenango,Palestina de los Altos ,968,
GUATEMALA,Región 6,Suchitepequez,Mazatenango,969,
GUATEMALA,Región 6,Suchitepequez,Cuyotenango,970,
GUATEMALA,Región 6,Suchitepequez,San Francisco Zapotitlán,971,
GUATEMALA,Región 6,Suchitepequez,San Bernardino,972,
GUATEMALA,Región 6,Suchitepequez,San José El ïdolo,973,
GUATEMALA,Región 6,Suchitepequez,Santo Domingo ,974,
GUATEMALA,Región 6,Suchitepequez,San Lorenzo,975,
GUATEMALA,Región 6,Suchitepequez,Samayac,976,
GUATEMALA,Región 6,Suchitepequez,San Pablo Jocopilas,977,
GUATEMALA,Región 6,Suchitepequez,San Antonio ,978,
GUATEMALA,Región 6,Suchitepequez,San Miguel Panán ,979,
GUATEMALA,Región 6,Suchitepequez,San Gabriel ,980,
GUATEMALA,Región 6,Suchitepequez,Chicacao,981,
GUATEMALA,Región 6,Suchitepequez,Patulul,982,
GUATEMALA,Región 6,Suchitepequez,Santa Bárbara,983,
GUATEMALA,Región 6,Suchitepequez,San Juan Bautista ,984,
GUATEMALA,Región 6,Suchitepequez,Santo Tomás la Unión ,985,
GUATEMALA,Región 6,Suchitepequez,Zunilito,986,
GUATEMALA,Región 6,Suchitepequez,Pueblo Nuevo ,987,
GUATEMALA,Región 6,Suchitepequez,Río Bravo,988,
GUATEMALA,Región 6,Retalhuleu,Retalhuleu,989,
GUATEMALA,Región 6,Retalhuleu,San Sebastián ,990,
GUATEMALA,Región 6,Retalhuleu,Santa Cruz Muluá,991,
GUATEMALA,Región 6,Retalhuleu,San Martín Zapotitlán ,992,
GUATEMALA,Región 6,Retalhuleu,San Felipe,993,
GUATEMALA,Región 6,Retalhuleu,San Andrés Villa Seca,994,
GUATEMALA,Región 6,Retalhuleu,Champerico,995,
GUATEMALA,Región 6,Retalhuleu,Nuevo San Carlos,996,
GUATEMALA,Región 6,Retalhuleu,El Asintal,997,
GUATEMALA,Región 6,San Marcos,San Marcos,998,
GUATEMALA,Región 6,San Marcos,San Pedro Sacatepéquez,999,
GUATEMALA,Región 6,San Marcos,San Antonio Sacatepéquez,1000,
GUATEMALA,Región 6,San Marcos,Comitancillo,1001,
GUATEMALA,Región 6,San Marcos,San Miguel Ixtahuacán ,1002,
GUATEMALA,Región 6,San Marcos,Concepción Tutuapa,1003,
GUATEMALA,Región 6,San Marcos,Tacaná,1004,
GUATEMALA,Región 6,San Marcos,Sibinal,1005,
GUATEMALA,Región 6,San Marcos,Tajumulco,1006,
GUATEMALA,Región 6,San Marcos,Tejutla,1007,
GUATEMALA,Región 6,San Marcos,San Rafael Pie de la Cuestas,1008,
GUATEMALA,Región 6,San Marcos,Nuevo Progreso,1009,
GUATEMALA,Región 6,San Marcos,El Tumbador,1010,
GUATEMALA,Región 6,San Marcos,San José Rodeo,1011,
GUATEMALA,Región 6,San Marcos,Malacatán,1012,
GUATEMALA,Región 6,San Marcos,Catarina,1013,
GUATEMALA,Región 6,San Marcos,Ayutla Tecún Uman,1014,
GUATEMALA,Región 6,San Marcos,Ocós,1015,
GUATEMALA,Región 6,San Marcos,San Pablo,1016,
GUATEMALA,Región 6,San Marcos,El Quetzal,1017,
GUATEMALA,Región 6,San Marcos,La Reforma,1018,
GUATEMALA,Región 6,San Marcos,Pajapita,1019,
GUATEMALA,Región 6,San Marcos,Ixchiguán,1020,
GUATEMALA,Región 6,San Marcos,San José Ojetenam ,1021,
GUATEMALA,Región 6,San Marcos,San Cristóbal Cucho,1022,
GUATEMALA,Región 6,San Marcos,Sipacapa,1023,
GUATEMALA,Región 6,San Marcos,Esquipulas Palo Gordo,1024,
GUATEMALA,Región 6,San Marcos,Río Blanco,1025,
GUATEMALA,Región 6,San Marcos,San Lorenzo,1026,
GUATEMALA,Región 7,Huehuetenango,Huehuetenangotenango,1027,
GUATEMALA,Región 7,Huehuetenango,Chiantla,1028,
GUATEMALA,Región 7,Huehuetenango,Malacatancito,1029,
GUATEMALA,Región 7,Huehuetenango,Cuilco,1030,
GUATEMALA,Región 7,Huehuetenango,Nentón,1031,
GUATEMALA,Región 7,Huehuetenango,San Pedro Necta,1032,
GUATEMALA,Región 7,Huehuetenango,Jacaltenango,1033,
GUATEMALA,Región 7,Huehuetenango,San Pedro Soloma,1034,
GUATEMALA,Región 7,Huehuetenango,San Idelfonso Ixtahuacán,1035,
GUATEMALA,Región 7,Huehuetenango,Santa Barbara,1036,
GUATEMALA,Región 7,Huehuetenango,La Libertad,1037,
GUATEMALA,Región 7,Huehuetenango,La Democracia,1038,
GUATEMALA,Región 7,Huehuetenango,San Miguel Acatán,1039,
GUATEMALA,Región 7,Huehuetenango,San Rafael La Independencia,1040,
GUATEMALA,Región 7,Huehuetenango,Todos Santos Cuchumatanes,1041,
GUATEMALA,Región 7,Huehuetenango,San Juan Atitán ,1042,
GUATEMALA,Región 7,Huehuetenango,Santa Eulalia,1043,
GUATEMALA,Región 7,Huehuetenango,San Mateo Ixtatán,1044,
GUATEMALA,Región 7,Huehuetenango,Colotenango,1045,
GUATEMALA,Región 7,Huehuetenango,San Sebastían ,1046,
GUATEMALA,Región 7,Huehuetenango,Tectitán,1047,
GUATEMALA,Región 7,Huehuetenango,Concepción Huista,1048,
GUATEMALA,Región 7,Huehuetenango,San Juan Ixcoy,1049,
GUATEMALA,Región 7,Huehuetenango,San Antonio Huista,1050,
GUATEMALA,Región 7,Huehuetenango,San Sebastian Coatán ,1051,
GUATEMALA,Región 7,Huehuetenango,Santa Cruz Barillas,1052,
GUATEMALA,Región 7,Huehuetenango,Aguacatán,1053,
GUATEMALA,Región 7,Huehuetenango,San Rafael Petzal,1054,
GUATEMALA,Región 7,Huehuetenango,San Gaspar Ixchil,1055,
GUATEMALA,Región 7,Huehuetenango,Santiago Chimaltenango,1056,
GUATEMALA,Región 7,Huehuetenango,Santa Ana Huista,1057,
GUATEMALA,Región 7,Quiche,Santa Cruz del Quiché,1058,
GUATEMALA,Región 7,Quiche,Chiché,1059,
GUATEMALA,Región 7,Quiche,Chinique,1060,
GUATEMALA,Región 7,Quiche,Zacualpa,1061,
GUATEMALA,Región 7,Quiche,Chajul,1062,
GUATEMALA,Región 7,Quiche,Chichicastenango,1063,
GUATEMALA,Región 7,Quiche,Patzité,1064,
GUATEMALA,Región 7,Quiche,San Antonio Ilotenango,1065,
GUATEMALA,Región 7,Quiche,San Pedro Jocopilas,1066,
GUATEMALA,Región 7,Quiche,Cunén,1067,
GUATEMALA,Región 7,Quiche,San Juan Cotzal,1068,
GUATEMALA,Región 7,Quiche,Joyabaj,1069,
GUATEMALA,Región 7,Quiche,Nebaj,1070,
GUATEMALA,Región 7,Quiche,San Andrés Sajcabajá,1071,
GUATEMALA,Región 7,Quiche,San Miguel Uspantán,1072,
GUATEMALA,Región 7,Quiche,Sacapulas,1073,
GUATEMALA,Región 7,Quiche,San Bartolomé Jocotenango,1074,
GUATEMALA,Región 7,Quiche,Canillá,1075,
GUATEMALA,Región 7,Quiche,Chicamán,1076,
GUATEMALA,Región 7,Quiche,Ixcán,1077,
GUATEMALA,Región 7,Quiche,Pachalum,1078,
GUATEMALA,Región 7,Baja Verapaz,Salamá,1079,
GUATEMALA,Región 7,Baja Verapaz,San Miguel Chicaj,1080,
GUATEMALA,Región 7,Baja Verapaz,Rabinal,1081,
GUATEMALA,Región 7,Baja Verapaz,Cubulco,1082,
GUATEMALA,Región 7,Baja Verapaz,Granados,1083,
GUATEMALA,Región 7,Baja Verapaz,Santa Cruz El Chol ,1084,
GUATEMALA,Región 7,Baja Verapaz,San Jerónimo,1085,
GUATEMALA,Región 7,Baja Verapaz,Purulhá,1086,
GUATEMALA,Región 7,Alta Verapaz,Cobán,1087,
GUATEMALA,Región 7,Alta Verapaz,Santa Cruz Verapaz,1088,
GUATEMALA,Región 7,Alta Verapaz,San Cristóbal Verapaz,1089,
GUATEMALA,Región 7,Alta Verapaz,Tactic,1090,
GUATEMALA,Región 7,Alta Verapaz,Tamahú,1091,
GUATEMALA,Región 7,Alta Verapaz,San Miguel Tucurú,1092,
GUATEMALA,Región 7,Alta Verapaz,Panzós,1093,
GUATEMALA,Región 7,Alta Verapaz,Senahú,1094,
GUATEMALA,Región 7,Alta Verapaz,San Pedro Carcha,1095,
GUATEMALA,Región 7,Alta Verapaz,San Juan Chamelco,1096,
GUATEMALA,Región 7,Alta Verapaz,Lanquín,1097,
GUATEMALA,Región 7,Alta Verapaz,Santa María Cahabon,1098,
GUATEMALA,Región 7,Alta Verapaz,Chisec,1099,
GUATEMALA,Región 7,Alta Verapaz,Chahal,1100,
GUATEMALA,Región 7,Alta Verapaz,Fray Bartolomé de las Casas,1101,
GUATEMALA,Región 7,Alta Verapaz,Santa Catalina la Tinta,1102,
GUATEMALA,Región 7,Peten,Flores,1103,
GUATEMALA,Región 7,Peten,San José ,1104,
GUATEMALA,Región 7,Peten,San Benito,1105,
GUATEMALA,Región 7,Peten,San Andrés,1106,
GUATEMALA,Región 7,Peten,La Libertad,1107,
GUATEMALA,Región 7,Peten,San Francisco,1108,
GUATEMALA,Región 7,Peten,Santa Ana,1109,
GUATEMALA,Región 7,Peten,Dolores,1110,
GUATEMALA,Región 7,Peten,San Luis,1111,
GUATEMALA,Región 7,Peten,Sayaxché,1112,
GUATEMALA,Región 7,Peten,Melchor de Mencos,1113,
GUATEMALA,Región 7,Peten,Poptún,1114,
GUATEMALA,Región 7,Peten,Santa Elena,1115,
GUATEMALA,Región 2,Izabal,Puerto Barrios,1116,
GUATEMALA,Región 2,Izabal,Livingston,1117,
GUATEMALA,Región 2,Izabal,El Estor ,1118,
GUATEMALA,Región 2,Izabal,Morales,1119,
GUATEMALA,Región 2,Izabal,Los Amates,1120,
GUATEMALA,Región 2,Zacapa,Zacapa,1121,
GUATEMALA,Región 2,Zacapa,Estanzuela,1122,
GUATEMALA,Región 2,Zacapa,Rio Hondo,1123,
GUATEMALA,Región 2,Zacapa,Gualán,1124,
GUATEMALA,Región 2,Zacapa,Teculután,1125,
GUATEMALA,Región 2,Zacapa,Usumatlán,1126,
GUATEMALA,Región 2,Zacapa,Cabañas,1127,
GUATEMALA,Región 2,Zacapa,San Diego,1128,
GUATEMALA,Región 2,Zacapa,La Unión,1129,
GUATEMALA,Región 2,Zacapa,Huité,1130,
GUATEMALA,Región 2,Chiquimula,Chiquimulamula,1131,
GUATEMALA,Región 2,Chiquimula,San José la Arada,1132,
GUATEMALA,Región 2,Chiquimula,San Juan Ermita,1133,
GUATEMALA,Región 2,Chiquimula,Jocotán,1134,
GUATEMALA,Región 2,Chiquimula,Camotán,1135,
GUATEMALA,Región 2,Chiquimula,Olopa,1136,
GUATEMALA,Región 2,Chiquimula,Esquipulas,1137,
GUATEMALA,Región 2,Chiquimula,Concepción las Minas,1138,
GUATEMALA,Región 2,Chiquimula,Quezaltepeque,1139,
GUATEMALA,Región 2,Chiquimula,San Jacinto,1140,
GUATEMALA,Región 2,Chiquimula,Ipala,1141,
GUATEMALA,Región 4,Jalapa,Jalapa,1142,
GUATEMALA,Región 4,Jalapa,San Pedro Pinula,1143,
GUATEMALA,Región 4,Jalapa,San Luis Jilotepeque,1144,
GUATEMALA,Región 4,Jalapa,San Manuel Chaparrón,1145,
GUATEMALA,Región 4,Jalapa,San Carlos Alzatate,1146,
GUATEMALA,Región 4,Jalapa,Monjas,1147,
GUATEMALA,Región 4,Jalapa,Mataquescuintla,1148,
GUATEMALA,Región 4,Jutiapa,Jutiapa,1149,
GUATEMALA,Región 4,Jutiapa,El Progreso,1150,
GUATEMALA,Región 4,Jutiapa,Santa Catarina Mita,1151,
GUATEMALA,Región 4,Jutiapa,Agua Blanca,1152,
GUATEMALA,Región 4,Jutiapa,Asunción Mita,1153,
GUATEMALA,Región 4,Jutiapa,Yupiltepeque,1154,
GUATEMALA,Región 4,Jutiapa,Atescatempa,1155,
GUATEMALA,Región 4,Jutiapa,Jeréz,1156,
GUATEMALA,Región 4,Jutiapa,El Adelanto,1157,
GUATEMALA,Región 4,Jutiapa,Zapotitlán,1158,
GUATEMALA,Región 4,Jutiapa,Comapa,1159,
GUATEMALA,Región 4,Jutiapa,Jalpatagua,1160,
GUATEMALA,Región 4,Jutiapa,Conguaco,1161,
GUATEMALA,Región 4,Jutiapa,Moyuta,1162,
GUATEMALA,Región 4,Jutiapa,Pasaco,1163,
GUATEMALA,Región 4,Jutiapa,San José Acatempa,1164,
GUATEMALA,Región 4,Jutiapa,Quezada,1165,
GUATEMALA,Región 6,San Marcos,San Pedro ,1166,
GUATEMALA,Región 6,San Marcos,San Antonio ,1167,
Panama,REGION 1,Ngobe Buglé,Emberá-Wounaan. ,1168,
GUATEMALA,Región 6,Quetzaltenango,Concepción ,1169,
GUATEMALA,Región 6,Suchitepequez,Santo Domingo,1170,
